Disease,Report Year,Sex Group,Case Count,"Case rate per 100,000"
Arboviral diseases,2006,Male,11,0.5
Listeriosis,2006,Male,10,0.5
Hepatitis A,2006,Male,65,3.2
Legionellosis,2006,Male,34,1.7
Hepatitis C,2006,Male,25,1.2
Tetanus,2006,Male,0,0
Q fever,2006,Male,0,0
Rabies and other lyssaviruses,2006,Male,0,0
Meningoencephalitis - primary amoebic,2006,Male,0,0
Mpox,2006,Male,0,0
Tuberculosis disease,2006,Male,176,8.6
Pertussis,2006,Male,440,21.5
Paratyphoid fever,2006,Male,11,0.5
Measles,2006,Male,6,0.3
Brucellosis,2006,Male,0,0
Malaria,2006,Male,23,1.1
Meningococcal disease,2006,Male,83,4.1
Leptospirosis,2006,Male,73,3.6
Hepatitis NOS,2006,Male,0,0
Trichinosis,2006,Male,0,0
Hepatitis B,2006,Male,42,2.1
Taeniasis,2006,Male,0,0
Diphtheria,2006,Male,0,0
Typhoid fever,2006,Male,14,0.7
VTEC/STEC infection,2006,Male,44,2.1
Rheumatic fever,2006,Male,59,2.9
Cryptosporidiosis,2006,Male,364,17.8
Mumps,2006,Male,23,1.1
Campylobacteriosis,2006,Male,8238,402.3
Cholera,2006,Male,0,0
Invasive pneumococcal disease,2006,Male,0,0
Rickettsial disease,2006,Male,6,0.3
Haemophilus influenzae type b,2006,Male,5,0.2
Yersiniosis,2006,Male,234,11.4
Leprosy,2006,Male,2,suppressed
Salmonellosis,2006,Male,673,32.9
Invasive group A streptococcal infection,2006,Male,0,0
Rubella,2006,Male,4,suppressed
Giardiasis,2006,Male,620,30.3
Cysticercosis,2006,Male,0,0
Acute gastroenteritis,2006,Male,357,17.4
Hydatid disease,2006,Male,0,0
Poliomyelitis,2006,Male,0,0
Toxic shellfish poisoning,2006,Male,1,suppressed
Shigellosis,2006,Male,46,2.2
Leptospirosis,2006,Female,13,0.6
Legionellosis,2006,Female,17,0.8
Cholera,2006,Female,0,0
Measles,2006,Female,12,0.6
Q fever,2006,Female,0,0
Rabies and other lyssaviruses,2006,Female,0,0
Meningococcal disease,2006,Female,76,3.6
Taeniasis,2006,Female,0,0
Listeriosis,2006,Female,7,0.3
Hepatitis A,2006,Female,56,2.6
Campylobacteriosis,2006,Female,7269,340.3
Paratyphoid fever,2006,Female,12,0.6
Cryptosporidiosis,2006,Female,363,17
Malaria,2006,Female,7,0.3
Rubella,2006,Female,3,suppressed
Pertussis,2006,Female,670,31.4
Hepatitis C,2006,Female,10,0.5
Mumps,2006,Female,23,1.1
Typhoid fever,2006,Female,27,1.3
VTEC/STEC infection,2006,Female,42,2
Rheumatic fever,2006,Female,32,1.5
Arboviral diseases,2006,Female,10,0.5
Brucellosis,2006,Female,0,0
Giardiasis,2006,Female,566,26.5
Invasive pneumococcal disease,2006,Female,0,0
Salmonellosis,2006,Female,639,29.9
Acute gastroenteritis,2006,Female,552,25.8
Trichinosis,2006,Female,0,0
Yersiniosis,2006,Female,201,9.4
Cysticercosis,2006,Female,0,0
Tetanus,2006,Female,1,suppressed
Tuberculosis disease,2006,Female,171,8
Leprosy,2006,Female,2,suppressed
Hepatitis B,2006,Female,19,0.9
Toxic shellfish poisoning,2006,Female,0,0
Shigellosis,2006,Female,52,2.4
Haemophilus influenzae type b,2006,Female,4,suppressed
Hydatid disease,2006,Female,0,0
Meningoencephalitis - primary amoebic,2006,Female,0,0
Hepatitis NOS,2006,Female,0,0
Invasive group A streptococcal infection,2006,Female,0,0
Rickettsial disease,2006,Female,7,0.3
Poliomyelitis,2006,Female,0,0
Mpox,2006,Female,0,0
Diphtheria,2006,Female,0,0
Legionellosis,2007,Male,32,1.5
Cholera,2007,Male,1,suppressed
Hepatitis A,2007,Male,26,1.3
Malaria,2007,Male,16,0.8
Campylobacteriosis,2007,Male,6792,328.7
Meningococcal disease,2007,Male,62,3
Rheumatic fever,2007,Male,69,3.3
Listeriosis,2007,Male,7,0.3
Giardiasis,2007,Male,664,32.1
Pertussis,2007,Male,133,6.4
Paratyphoid fever,2007,Male,11,0.5
Cryptosporidiosis,2007,Male,443,21.4
Brucellosis,2007,Male,2,suppressed
Q fever,2007,Male,0,0
Rabies and other lyssaviruses,2007,Male,0,0
Leptospirosis,2007,Male,53,2.6
Acute gastroenteritis,2007,Male,252,12.2
Tuberculosis disease,2007,Male,133,6.4
VTEC/STEC infection,2007,Male,44,2.1
Invasive pneumococcal disease,2007,Male,0,0
Tetanus,2007,Male,0,0
Invasive group A streptococcal infection,2007,Male,0,0
Trichinosis,2007,Male,0,0
Hepatitis B,2007,Male,41,2
Toxic shellfish poisoning,2007,Male,2,suppressed
Mumps,2007,Male,41,2
Typhoid fever,2007,Male,23,1.1
Yersiniosis,2007,Male,259,12.5
Measles,2007,Male,12,0.6
Mpox,2007,Male,0,0
Poliomyelitis,2007,Male,0,0
Rubella,2007,Male,5,0.2
Cysticercosis,2007,Male,1,suppressed
Salmonellosis,2007,Male,652,31.6
Shigellosis,2007,Male,59,2.9
Hydatid disease,2007,Male,5,0.2
Leprosy,2007,Male,4,suppressed
Taeniasis,2007,Male,1,suppressed
Arboviral diseases,2007,Male,54,2.6
Diphtheria,2007,Male,0,0
Haemophilus influenzae type b,2007,Male,8,0.4
Meningoencephalitis - primary amoebic,2007,Male,0,0
Rickettsial disease,2007,Male,1,suppressed
Hepatitis NOS,2007,Male,1,suppressed
Hepatitis C,2007,Male,18,0.9
Giardiasis,2007,Female,716,33.2
Acute gastroenteritis,2007,Female,344,15.9
Typhoid fever,2007,Female,24,1.1
Pertussis,2007,Female,197,9.1
VTEC/STEC infection,2007,Female,56,2.6
Tuberculosis disease,2007,Female,150,7
Cryptosporidiosis,2007,Female,471,21.8
Hepatitis A,2007,Female,16,0.7
Malaria,2007,Female,7,0.3
Paratyphoid fever,2007,Female,12,0.6
Measles,2007,Female,12,0.6
Invasive group A streptococcal infection,2007,Female,0,0
Brucellosis,2007,Female,2,suppressed
Campylobacteriosis,2007,Female,5721,265.2
Cholera,2007,Female,0,0
Listeriosis,2007,Female,18,0.8
Hydatid disease,2007,Female,1,suppressed
Yersiniosis,2007,Female,232,10.8
Rheumatic fever,2007,Female,62,2.9
Mpox,2007,Female,0,0
Mumps,2007,Female,32,1.5
Rubella,2007,Female,5,0.2
Legionellosis,2007,Female,32,1.5
Salmonellosis,2007,Female,601,27.9
Arboviral diseases,2007,Female,60,2.8
Q fever,2007,Female,0,0
Rabies and other lyssaviruses,2007,Female,0,0
Meningoencephalitis - primary amoebic,2007,Female,0,0
Diphtheria,2007,Female,0,0
Poliomyelitis,2007,Female,0,0
Leprosy,2007,Female,4,suppressed
Invasive pneumococcal disease,2007,Female,0,0
Toxic shellfish poisoning,2007,Female,1,suppressed
Shigellosis,2007,Female,69,3.2
Trichinosis,2007,Female,0,0
Meningococcal disease,2007,Female,54,2.5
Hepatitis C,2007,Female,11,0.5
Tetanus,2007,Female,1,suppressed
Hepatitis NOS,2007,Female,0,0
Hepatitis B,2007,Female,31,1.4
Taeniasis,2007,Female,0,0
Rickettsial disease,2007,Female,1,suppressed
Haemophilus influenzae type b,2007,Female,7,0.3
Cysticercosis,2007,Female,1,suppressed
Leptospirosis,2007,Female,12,0.6
Shigellosis,2008,Male,63,3
Cryptosporidiosis,2008,Male,381,18.3
Acute gastroenteritis,2008,Male,304,14.6
Tuberculosis disease,2008,Male,156,7.5
Paratyphoid fever,2008,Male,13,0.6
Salmonellosis,2008,Male,711,34.1
Mpox,2008,Male,0,0
Brucellosis,2008,Male,2,suppressed
Campylobacteriosis,2008,Male,3759,180.5
Cholera,2008,Male,0,0
Hepatitis C,2008,Male,11,0.5
Tetanus,2008,Male,0,0
Giardiasis,2008,Male,842,40.4
Rabies and other lyssaviruses,2008,Male,0,0
Meningoencephalitis - primary amoebic,2008,Male,0,0
Diphtheria,2008,Male,0,0
Typhoid fever,2008,Male,17,0.8
Pertussis,2008,Male,172,8.3
Rheumatic fever,2008,Male,82,3.9
Arboviral diseases,2008,Male,58,2.8
Listeriosis,2008,Male,11,0.5
Hepatitis A,2008,Male,59,2.8
Legionellosis,2008,Male,40,1.9
Leptospirosis,2008,Male,100,4.8
Hepatitis NOS,2008,Male,0,0
Q fever,2008,Male,0,0
Hepatitis B,2008,Male,24,1.2
Taeniasis,2008,Male,2,suppressed
Rickettsial disease,2008,Male,3,suppressed
Invasive group A streptococcal infection,2008,Male,0,0
VTEC/STEC infection,2008,Male,66,3.2
Invasive pneumococcal disease,2008,Male,69,3.3
Measles,2008,Male,9,0.4
Mumps,2008,Male,32,1.5
Malaria,2008,Male,23,1.1
Meningococcal disease,2008,Male,72,3.5
Cysticercosis,2008,Male,0,0
Toxic shellfish poisoning,2008,Male,1,suppressed
Trichinosis,2008,Male,0,0
Yersiniosis,2008,Male,271,13
Leprosy,2008,Male,2,suppressed
Hydatid disease,2008,Male,5,0.2
Rubella,2008,Male,5,0.2
Haemophilus influenzae type b,2008,Male,3,suppressed
Poliomyelitis,2008,Male,0,0
Cryptosporidiosis,2008,Female,382,17.6
Cholera,2008,Female,0,0
Salmonellosis,2008,Female,623,28.6
Arboviral diseases,2008,Female,57,2.6
Paratyphoid fever,2008,Female,12,0.6
Legionellosis,2008,Female,33,1.5
Leptospirosis,2008,Female,18,0.8
Campylobacteriosis,2008,Female,2923,134.3
Rabies and other lyssaviruses,2008,Female,0,0
Taeniasis,2008,Female,3,suppressed
Giardiasis,2008,Female,815,37.5
Q fever,2008,Female,0,0
Pertussis,2008,Female,245,11.3
Rheumatic fever,2008,Female,72,3.3
Toxic shellfish poisoning,2008,Female,0,0
Brucellosis,2008,Female,1,suppressed
Hepatitis A,2008,Female,30,1.4
Invasive pneumococcal disease,2008,Female,55,2.5
Measles,2008,Female,3,suppressed
Acute gastroenteritis,2008,Female,357,16.4
Malaria,2008,Female,17,0.8
Meningococcal disease,2008,Female,50,2.3
Hepatitis C,2008,Female,11,0.5
Shigellosis,2008,Female,49,2.3
Typhoid fever,2008,Female,12,0.6
Yersiniosis,2008,Female,236,10.8
Cysticercosis,2008,Female,0,0
Mpox,2008,Female,0,0
Tuberculosis disease,2008,Female,137,6.3
VTEC/STEC infection,2008,Female,56,2.6
Hepatitis B,2008,Female,13,0.6
Meningoencephalitis - primary amoebic,2008,Female,0,0
Listeriosis,2008,Female,16,0.7
Rubella,2008,Female,4,suppressed
Leprosy,2008,Female,3,suppressed
Poliomyelitis,2008,Female,0,0
Tetanus,2008,Female,0,0
Trichinosis,2008,Female,0,0
Haemophilus influenzae type b,2008,Female,6,0.3
Diphtheria,2008,Female,0,0
Invasive group A streptococcal infection,2008,Female,0,0
Hydatid disease,2008,Female,2,suppressed
Mumps,2008,Female,44,2
Hepatitis NOS,2008,Female,2,suppressed
Rickettsial disease,2008,Female,6,0.3
Cholera,2009,Male,0,0
Paratyphoid fever,2009,Male,16,0.8
Rheumatic fever,2009,Male,83,3.9
Campylobacteriosis,2009,Male,4014,190.7
Pertussis,2009,Male,599,28.5
Legionellosis,2009,Male,46,2.2
Giardiasis,2009,Male,845,40.2
Hepatitis A,2009,Male,26,1.2
Yersiniosis,2009,Male,222,10.5
Acute gastroenteritis,2009,Male,283,13.4
Typhoid fever,2009,Male,15,0.7
VTEC/STEC infection,2009,Male,59,2.8
Invasive pneumococcal disease,2009,Male,359,17.1
Cryptosporidiosis,2009,Male,386,18.3
Brucellosis,2009,Male,0,0
Malaria,2009,Male,32,1.5
Meningococcal disease,2009,Male,58,2.8
Salmonellosis,2009,Male,561,26.7
Listeriosis,2009,Male,6,0.3
Q fever,2009,Male,0,0
Rabies and other lyssaviruses,2009,Male,0,0
Cysticercosis,2009,Male,0,0
Shigellosis,2009,Male,58,2.8
Tuberculosis disease,2009,Male,152,7.2
Leprosy,2009,Male,1,suppressed
Meningoencephalitis - primary amoebic,2009,Male,0,0
Toxic shellfish poisoning,2009,Male,1,suppressed
Invasive group A streptococcal infection,2009,Male,0,0
Trichinosis,2009,Male,0,0
Hepatitis B,2009,Male,42,2
Leptospirosis,2009,Male,61,2.9
Tetanus,2009,Male,1,suppressed
Hydatid disease,2009,Male,2,suppressed
Rubella,2009,Male,3,suppressed
Taeniasis,2009,Male,3,suppressed
Arboviral diseases,2009,Male,59,2.8
Poliomyelitis,2009,Male,0,0
Haemophilus influenzae type b,2009,Male,6,0.3
Mpox,2009,Male,0,0
Mumps,2009,Male,35,1.7
Hepatitis NOS,2009,Male,1,suppressed
Measles,2009,Male,135,6.4
Diphtheria,2009,Male,1,suppressed
Hepatitis C,2009,Male,13,0.6
Rickettsial disease,2009,Male,3,suppressed
Campylobacteriosis,2009,Female,3153,143.5
Pertussis,2009,Female,798,36.3
Giardiasis,2009,Female,789,35.9
Typhoid fever,2009,Female,18,0.8
Brucellosis,2009,Female,0,0
Hydatid disease,2009,Female,0,0
Leprosy,2009,Female,2,suppressed
Acute gastroenteritis,2009,Female,410,18.7
Tuberculosis disease,2009,Female,146,6.6
Invasive group A streptococcal infection,2009,Female,0,0
VTEC/STEC infection,2009,Female,82,3.7
Paratyphoid fever,2009,Female,9,0.4
Cryptosporidiosis,2009,Female,465,21.2
Shigellosis,2009,Female,61,2.8
Hepatitis A,2009,Female,18,0.8
Yersiniosis,2009,Female,207,9.4
Salmonellosis,2009,Female,566,25.8
Arboviral diseases,2009,Female,86,3.9
Q fever,2009,Female,0,0
Rabies and other lyssaviruses,2009,Female,0,0
Cholera,2009,Female,0,0
Mpox,2009,Female,0,0
Poliomyelitis,2009,Female,0,0
Malaria,2009,Female,18,0.8
Rheumatic fever,2009,Female,58,2.6
Measles,2009,Female,113,5.1
Listeriosis,2009,Female,23,1
Trichinosis,2009,Female,0,0
Legionellosis,2009,Female,28,1.3
Cysticercosis,2009,Female,0,0
Diphtheria,2009,Female,0,0
Mumps,2009,Female,28,1.3
Hepatitis B,2009,Female,13,0.6
Meningoencephalitis - primary amoebic,2009,Female,0,0
Rickettsial disease,2009,Female,2,suppressed
Tetanus,2009,Female,0,0
Rubella,2009,Female,1,suppressed
Invasive pneumococcal disease,2009,Female,328,14.9
Toxic shellfish poisoning,2009,Female,0,0
Leptospirosis,2009,Female,7,0.3
Haemophilus influenzae type b,2009,Female,4,suppressed
Meningococcal disease,2009,Female,74,3.4
Hepatitis C,2009,Female,19,0.9
Hepatitis NOS,2009,Female,1,suppressed
Taeniasis,2009,Female,0,0
Acute gastroenteritis,2010,Male,223,10.5
Brucellosis,2010,Male,0,0
Cryptosporidiosis,2010,Male,482,22.7
Poliomyelitis,2010,Male,0,0
Tetanus,2010,Male,3,suppressed
Giardiasis,2010,Male,998,46.9
Cholera,2010,Male,2,suppressed
Rickettsial disease,2010,Male,5,0.2
Shigellosis,2010,Male,50,2.4
Typhoid fever,2010,Male,18,0.8
Paratyphoid fever,2010,Male,8,0.4
Salmonellosis,2010,Male,565,26.6
Arboviral diseases,2010,Male,28,1.3
Hydatid disease,2010,Male,3,suppressed
Campylobacteriosis,2010,Male,4121,193.7
Meningoencephalitis - primary amoebic,2010,Male,0,0
Hepatitis C,2010,Male,10,0.5
Hepatitis NOS,2010,Male,3,suppressed
Q fever,2010,Male,1,suppressed
Rabies and other lyssaviruses,2010,Male,0,0
Taeniasis,2010,Male,2,suppressed
Mpox,2010,Male,0,0
Tuberculosis disease,2010,Male,154,7.2
Yersiniosis,2010,Male,225,10.6
Cysticercosis,2010,Male,0,0
Diphtheria,2010,Male,0,0
Listeriosis,2010,Male,8,0.4
Leprosy,2010,Male,2,suppressed
Legionellosis,2010,Male,97,4.6
Leptospirosis,2010,Male,69,3.2
Measles,2010,Male,27,1.3
Trichinosis,2010,Male,0,0
Hepatitis B,2010,Male,39,1.8
Rheumatic fever,2010,Male,78,3.7
Invasive pneumococcal disease,2010,Male,277,13
Invasive group A streptococcal infection,2010,Male,0,0
Pertussis,2010,Male,351,16.5
Meningococcal disease,2010,Male,48,2.3
Rubella,2010,Male,2,suppressed
Mumps,2010,Male,16,0.8
Hepatitis A,2010,Male,23,1.1
VTEC/STEC infection,2010,Male,67,3.1
Toxic shellfish poisoning,2010,Male,3,suppressed
Haemophilus influenzae type b,2010,Male,4,suppressed
Malaria,2010,Male,34,1.6
Cryptosporidiosis,2010,Female,470,21.1
Salmonellosis,2010,Female,578,26
Rickettsial disease,2010,Female,8,0.4
Shigellosis,2010,Female,54,2.4
Paratyphoid fever,2010,Female,11,0.5
Cholera,2010,Female,0,0
Taeniasis,2010,Female,1,suppressed
Arboviral diseases,2010,Female,26,1.2
Giardiasis,2010,Female,987,44.4
Rabies and other lyssaviruses,2010,Female,0,0
Meningoencephalitis - primary amoebic,2010,Female,0,0
Leptospirosis,2010,Female,12,0.5
Acute gastroenteritis,2010,Female,264,11.9
Campylobacteriosis,2010,Female,3221,144.9
Meningococcal disease,2010,Female,49,2.2
Hepatitis C,2010,Female,6,0.3
Tetanus,2010,Female,4,suppressed
Q fever,2010,Female,0,0
Yersiniosis,2010,Female,181,8.1
Cysticercosis,2010,Female,0,0
Diphtheria,2010,Female,0,0
Typhoid fever,2010,Female,13,0.6
Leprosy,2010,Female,1,suppressed
Legionellosis,2010,Female,76,3.4
Measles,2010,Female,21,0.9
Poliomyelitis,2010,Female,0,0
Malaria,2010,Female,10,0.4
Pertussis,2010,Female,521,23.4
Rheumatic fever,2010,Female,87,3.9
Hepatitis NOS,2010,Female,0,0
Trichinosis,2010,Female,0,0
Hepatitis A,2010,Female,23,1
Invasive pneumococcal disease,2010,Female,253,11.4
Toxic shellfish poisoning,2010,Female,6,0.3
Brucellosis,2010,Female,1,suppressed
Rubella,2010,Female,2,suppressed
Hepatitis B,2010,Female,10,0.4
Invasive group A streptococcal infection,2010,Female,0,0
Listeriosis,2010,Female,15,0.7
Haemophilus influenzae type b,2010,Female,4,suppressed
VTEC/STEC infection,2010,Female,70,3.1
Mpox,2010,Female,0,0
Hydatid disease,2010,Female,1,suppressed
Tuberculosis disease,2010,Female,151,6.8
Mumps,2010,Female,25,1.1
Cholera,2011,Male,0,0
Rabies and other lyssaviruses,2011,Male,0,0
Salmonellosis,2011,Male,561,26.2
Paratyphoid fever,2011,Male,7,0.3
Yersiniosis,2011,Male,263,12.3
Meningoencephalitis - primary amoebic,2011,Male,0,0
Giardiasis,2011,Male,941,43.9
Q fever,2011,Male,1,suppressed
Campylobacteriosis,2011,Male,3783,176.5
Legionellosis,2011,Male,102,4.8
Taeniasis,2011,Male,5,0.2
Acute gastroenteritis,2011,Male,249,11.6
Hepatitis A,2011,Male,17,0.8
Hepatitis B,2011,Male,35,1.6
Cysticercosis,2011,Male,0,0
Shigellosis,2011,Male,50,2.3
Typhoid fever,2011,Male,23,1.1
Leprosy,2011,Male,0,0
Rheumatic fever,2011,Male,91,4.2
Cryptosporidiosis,2011,Male,291,13.6
Brucellosis,2011,Male,0,0
Malaria,2011,Male,39,1.8
Meningococcal disease,2011,Male,65,3
Leptospirosis,2011,Male,61,2.8
Poliomyelitis,2011,Male,0,0
Trichinosis,2011,Male,0,0
Pertussis,2011,Male,842,39.3
Hepatitis C,2011,Male,17,0.8
Tetanus,2011,Male,0,0
Hydatid disease,2011,Male,4,suppressed
Rubella,2011,Male,16,0.7
Invasive pneumococcal disease,2011,Male,279,13
Rickettsial disease,2011,Male,3,suppressed
Listeriosis,2011,Male,12,0.6
Tuberculosis disease,2011,Male,156,7.3
VTEC/STEC infection,2011,Male,69,3.2
Measles,2011,Male,336,15.7
Mumps,2011,Male,27,1.3
Invasive group A streptococcal infection,2011,Male,0,0
Haemophilus influenzae type b,2011,Male,4,suppressed
Arboviral diseases,2011,Male,24,1.1
Diphtheria,2011,Male,0,0
Hepatitis NOS,2011,Male,6,0.3
Toxic shellfish poisoning,2011,Male,3,suppressed
Mpox,2011,Male,0,0
Yersiniosis,2011,Female,250,11.2
Campylobacteriosis,2011,Female,2899,129.4
Giardiasis,2011,Female,991,44.2
Q fever,2011,Female,0,0
Paratyphoid fever,2011,Female,6,0.3
Typhoid fever,2011,Female,22,1
Trichinosis,2011,Female,0,0
Hepatitis A,2011,Female,9,0.4
Hepatitis B,2011,Female,16,0.7
Acute gastroenteritis,2011,Female,307,13.7
Poliomyelitis,2011,Female,0,0
Brucellosis,2011,Female,0,0
Leprosy,2011,Female,1,suppressed
Salmonellosis,2011,Female,494,22.1
Shigellosis,2011,Female,51,2.3
Tuberculosis disease,2011,Female,150,6.7
Pertussis,2011,Female,1153,51.5
Rabies and other lyssaviruses,2011,Female,0,0
Cryptosporidiosis,2011,Female,318,14.2
Tetanus,2011,Female,0,0
Malaria,2011,Female,13,0.6
Legionellosis,2011,Female,55,2.5
Taeniasis,2011,Female,4,suppressed
Arboviral diseases,2011,Female,22,1
Hydatid disease,2011,Female,2,suppressed
VTEC/STEC infection,2011,Female,84,3.7
Cholera,2011,Female,0,0
Rickettsial disease,2011,Female,2,suppressed
Invasive group A streptococcal infection,2011,Female,0,0
Rubella,2011,Female,6,0.3
Rheumatic fever,2011,Female,69,3.1
Measles,2011,Female,260,11.6
Listeriosis,2011,Female,14,0.6
Haemophilus influenzae type b,2011,Female,4,suppressed
Meningococcal disease,2011,Female,54,2.4
Cysticercosis,2011,Female,0,0
Diphtheria,2011,Female,0,0
Mumps,2011,Female,24,1.1
Meningoencephalitis - primary amoebic,2011,Female,0,0
Mpox,2011,Female,0,0
Hepatitis NOS,2011,Female,1,suppressed
Invasive pneumococcal disease,2011,Female,260,11.6
Toxic shellfish poisoning,2011,Female,0,0
Leptospirosis,2011,Female,7,0.3
Hepatitis C,2011,Female,9,0.4
Hydatid disease,2012,Male,1,suppressed
Acute gastroenteritis,2012,Male,313,14.5
Shigellosis,2012,Male,62,2.9
Typhoid fever,2012,Male,25,1.2
Brucellosis,2012,Male,0,0
Arboviral diseases,2012,Male,41,1.9
Haemophilus influenzae type b,2012,Male,1,suppressed
Campylobacteriosis,2012,Male,3930,182.4
Cryptosporidiosis,2012,Male,452,21
Rickettsial disease,2012,Male,1,suppressed
Poliomyelitis,2012,Male,0,0
Giardiasis,2012,Male,808,37.5
Cholera,2012,Male,0,0
Salmonellosis,2012,Male,559,25.9
Tetanus,2012,Male,1,suppressed
Trichinosis,2012,Male,0,0
Paratyphoid fever,2012,Male,14,0.6
Cysticercosis,2012,Male,0,0
Diphtheria,2012,Male,0,0
Listeriosis,2012,Male,11,0.5
Leprosy,2012,Male,2,suppressed
Meningoencephalitis - primary amoebic,2012,Male,0,0
Leptospirosis,2012,Male,101,4.7
Mpox,2012,Male,0,0
Q fever,2012,Male,0,0
Rabies and other lyssaviruses,2012,Male,0,0
Taeniasis,2012,Male,4,suppressed
Hepatitis NOS,2012,Male,2,suppressed
Tuberculosis disease,2012,Male,154,7.1
Yersiniosis,2012,Male,280,13
Hepatitis C,2012,Male,16,0.7
Rheumatic fever,2012,Male,98,4.5
Mumps,2012,Male,11,0.5
Hepatitis A,2012,Male,45,2.1
Legionellosis,2012,Male,96,4.5
Meningococcal disease,2012,Male,41,1.9
Measles,2012,Male,33,1.5
Invasive group A streptococcal infection,2012,Male,0,0
Hepatitis B,2012,Male,25,1.2
Pertussis,2012,Male,2537,117.7
Invasive pneumococcal disease,2012,Male,254,11.8
Toxic shellfish poisoning,2012,Male,15,0.7
Malaria,2012,Male,32,1.5
Rubella,2012,Male,4,suppressed
VTEC/STEC infection,2012,Male,74,3.4
Acute gastroenteritis,2012,Female,422,18.7
Giardiasis,2012,Female,905,40.2
Cryptosporidiosis,2012,Female,425,18.9
Rickettsial disease,2012,Female,3,suppressed
Arboviral diseases,2012,Female,36,1.6
Poliomyelitis,2012,Female,0,0
Cholera,2012,Female,0,0
Salmonellosis,2012,Female,522,23.2
Leptospirosis,2012,Female,7,0.3
Shigellosis,2012,Female,69,3.1
Paratyphoid fever,2012,Female,8,0.4
Meningoencephalitis - primary amoebic,2012,Female,0,0
Taeniasis,2012,Female,2,suppressed
Diphtheria,2012,Female,0,0
Q fever,2012,Female,0,0
Rabies and other lyssaviruses,2012,Female,0,0
Legionellosis,2012,Female,53,2.4
Measles,2012,Female,35,1.6
Listeriosis,2012,Female,14,0.6
Campylobacteriosis,2012,Female,3086,137
Meningococcal disease,2012,Female,44,2
Cysticercosis,2012,Female,0,0
Tetanus,2012,Female,1,suppressed
Malaria,2012,Female,5,0.2
Yersiniosis,2012,Female,233,10.3
Invasive pneumococcal disease,2012,Female,224,9.9
Hepatitis NOS,2012,Female,0,0
Brucellosis,2012,Female,0,0
Leprosy,2012,Female,0,0
Hepatitis B,2012,Female,14,0.6
Hepatitis C,2012,Female,15,0.7
Mumps,2012,Female,15,0.7
Rubella,2012,Female,0,0
Hepatitis A,2012,Female,37,1.6
Pertussis,2012,Female,3360,149.1
Toxic shellfish poisoning,2012,Female,15,0.7
Typhoid fever,2012,Female,19,0.8
Trichinosis,2012,Female,0,0
VTEC/STEC infection,2012,Female,73,3.2
Rheumatic fever,2012,Female,78,3.5
Hydatid disease,2012,Female,0,0
Haemophilus influenzae type b,2012,Female,3,suppressed
Tuberculosis disease,2012,Female,137,6.1
Invasive group A streptococcal infection,2012,Female,0,0
Mpox,2012,Female,0,0
Paratyphoid fever,2013,Male,14,0.6
Cholera,2013,Male,0,0
Salmonellosis,2013,Male,582,26.8
Cryptosporidiosis,2013,Male,618,28.5
Giardiasis,2013,Male,858,39.5
Rabies and other lyssaviruses,2013,Male,0,0
Meningoencephalitis - primary amoebic,2013,Male,0,0
Taeniasis,2013,Male,3,suppressed
Acute gastroenteritis,2013,Male,247,11.4
Campylobacteriosis,2013,Male,3833,176.5
Meningococcal disease,2013,Male,34,1.6
Legionellosis,2013,Male,101,4.7
Rickettsial disease,2013,Male,5,0.2
Q fever,2013,Male,0,0
Leprosy,2013,Male,6,0.3
Yersiniosis,2013,Male,255,11.7
Measles,2013,Male,3,suppressed
Poliomyelitis,2013,Male,0,0
Malaria,2013,Male,32,1.5
Hepatitis A,2013,Male,41,1.9
Cysticercosis,2013,Male,0,0
Shigellosis,2013,Male,58,2.7
Typhoid fever,2013,Male,31,1.4
Trichinosis,2013,Male,0,0
Rheumatic fever,2013,Male,115,5.3
Leptospirosis,2013,Male,53,2.4
Brucellosis,2013,Male,1,suppressed
Hydatid disease,2013,Male,4,suppressed
Hepatitis B,2013,Male,18,0.8
Hepatitis C,2013,Male,20,0.9
Listeriosis,2013,Male,7,0.3
Invasive group A streptococcal infection,2013,Male,0,0
Pertussis,2013,Male,1527,70.3
Invasive pneumococcal disease,2013,Male,245,11.3
Tetanus,2013,Male,0,0
Mumps,2013,Male,13,0.6
Rubella,2013,Male,0,0
VTEC/STEC infection,2013,Male,85,3.9
Toxic shellfish poisoning,2013,Male,0,0
Arboviral diseases,2013,Male,70,3.2
Haemophilus influenzae type b,2013,Male,0,0
Tuberculosis disease,2013,Male,144,6.6
Mpox,2013,Male,0,0
Diphtheria,2013,Male,0,0
Hepatitis NOS,2013,Male,0,0
Rabies and other lyssaviruses,2013,Female,0,0
Yersiniosis,2013,Female,228,10
Giardiasis,2013,Female,871,38.4
Q fever,2013,Female,0,0
Paratyphoid fever,2013,Female,11,0.5
Campylobacteriosis,2013,Female,3004,132.3
Acute gastroenteritis,2013,Female,310,13.7
Poliomyelitis,2013,Female,0,0
Malaria,2013,Female,15,0.7
Pertussis,2013,Female,2012,88.6
Meningococcal disease,2013,Female,34,1.5
Cryptosporidiosis,2013,Female,729,32.1
Typhoid fever,2013,Female,19,0.8
Trichinosis,2013,Female,0,0
Hepatitis B,2013,Female,10,0.4
Salmonellosis,2013,Female,561,24.7
Listeriosis,2013,Female,12,0.5
Brucellosis,2013,Female,0,0
Leprosy,2013,Female,1,suppressed
Cholera,2013,Female,0,0
Shigellosis,2013,Female,79,3.5
Tuberculosis disease,2013,Female,130,5.7
VTEC/STEC infection,2013,Female,120,5.3
Rheumatic fever,2013,Female,89,3.9
Rickettsial disease,2013,Female,4,suppressed
Tetanus,2013,Female,1,suppressed
Rubella,2013,Female,1,suppressed
Hepatitis A,2013,Female,50,2.2
Taeniasis,2013,Female,3,suppressed
Arboviral diseases,2013,Female,40,1.8
Hydatid disease,2013,Female,3,suppressed
Haemophilus influenzae type b,2013,Female,2,suppressed
Meningoencephalitis - primary amoebic,2013,Female,0,0
Leptospirosis,2013,Female,7,0.3
Invasive group A streptococcal infection,2013,Female,0,0
Hepatitis NOS,2013,Female,1,suppressed
Invasive pneumococcal disease,2013,Female,227,10
Measles,2013,Female,5,0.2
Mumps,2013,Female,10,0.4
Cysticercosis,2013,Female,1,suppressed
Diphtheria,2013,Female,0,0
Legionellosis,2013,Female,50,2.2
Mpox,2013,Female,0,0
Toxic shellfish poisoning,2013,Female,1,suppressed
Hepatitis C,2013,Female,16,0.7
Typhoid fever,2014,Male,25,1.1
Trichinosis,2014,Male,0,0
Acute gastroenteritis,2014,Male,322,14.5
Brucellosis,2014,Male,0,0
Shigellosis,2014,Male,75,3.4
Poliomyelitis,2014,Male,0,0
Giardiasis,2014,Male,876,39.5
Cryptosporidiosis,2014,Male,274,12.4
Tetanus,2014,Male,0,0
Rubella,2014,Male,3,suppressed
Salmonellosis,2014,Male,468,21.1
Arboviral diseases,2014,Male,149,6.7
Hydatid disease,2014,Male,2,suppressed
Campylobacteriosis,2014,Male,3821,172.5
Cholera,2014,Male,0,0
Rickettsial disease,2014,Male,6,0.3
Listeriosis,2014,Male,12,0.5
Q fever,2014,Male,0,0
Paratyphoid fever,2014,Male,7,0.3
Taeniasis,2014,Male,0,0
Mumps,2014,Male,12,0.5
Tuberculosis disease,2014,Male,176,7.9
Yersiniosis,2014,Male,342,15.4
Cysticercosis,2014,Male,1,suppressed
Diphtheria,2014,Male,2,suppressed
Haemophilus influenzae type b,2014,Male,3,suppressed
Leprosy,2014,Male,4,suppressed
Meningoencephalitis - primary amoebic,2014,Male,0,0
Leptospirosis,2014,Male,51,2.3
Mpox,2014,Male,0,0
Malaria,2014,Male,25,1.1
Rabies and other lyssaviruses,2014,Male,0,0
Measles,2014,Male,176,7.9
Hepatitis NOS,2014,Male,5,0.2
Invasive group A streptococcal infection,2014,Male,0,0
Hepatitis B,2014,Male,24,1.1
Hepatitis C,2014,Male,16,0.7
Rheumatic fever,2014,Male,112,5.1
Toxic shellfish poisoning,2014,Male,12,0.5
Hepatitis A,2014,Male,36,1.6
Legionellosis,2014,Male,87,3.9
VTEC/STEC infection,2014,Male,80,3.6
Invasive pneumococcal disease,2014,Male,261,11.8
Meningococcal disease,2014,Male,23,1
Pertussis,2014,Male,481,21.7
Acute gastroenteritis,2014,Female,434,18.9
Cryptosporidiosis,2014,Female,310,13.5
Arboviral diseases,2014,Female,131,5.7
Shigellosis,2014,Female,53,2.3
Cholera,2014,Female,0,0
Rickettsial disease,2014,Female,0,0
Diphtheria,2014,Female,0,0
Brucellosis,2014,Female,0,0
Paratyphoid fever,2014,Female,12,0.5
Salmonellosis,2014,Female,487,21.2
Leptospirosis,2014,Female,5,0.2
Poliomyelitis,2014,Female,0,0
Campylobacteriosis,2014,Female,2956,128.5
Meningoencephalitis - primary amoebic,2014,Female,0,0
Taeniasis,2014,Female,5,0.2
Tetanus,2014,Female,0,0
Giardiasis,2014,Female,833,36.2
Rabies and other lyssaviruses,2014,Female,0,0
Cysticercosis,2014,Female,0,0
Hepatitis NOS,2014,Female,3,suppressed
Hydatid disease,2014,Female,2,suppressed
Leprosy,2014,Female,0,0
Legionellosis,2014,Female,36,1.6
Measles,2014,Female,104,4.5
Listeriosis,2014,Female,13,0.6
Q fever,2014,Female,0,0
Meningococcal disease,2014,Female,22,1
Hepatitis C,2014,Female,13,0.6
Mumps,2014,Female,6,0.3
Typhoid fever,2014,Female,18,0.8
Yersiniosis,2014,Female,338,14.7
Invasive pneumococcal disease,2014,Female,227,9.9
Toxic shellfish poisoning,2014,Female,6,0.3
Haemophilus influenzae type b,2014,Female,2,suppressed
Hepatitis A,2014,Female,38,1.7
Hepatitis B,2014,Female,11,0.5
Rheumatic fever,2014,Female,86,3.7
Mpox,2014,Female,0,0
Malaria,2014,Female,8,0.3
VTEC/STEC infection,2014,Female,107,4.7
Pertussis,2014,Female,618,26.9
Trichinosis,2014,Female,0,0
Rubella,2014,Female,1,suppressed
Tuberculosis disease,2014,Female,125,5.4
Invasive group A streptococcal infection,2014,Female,0,0
Cryptosporidiosis,2015,Male,315,13.9
Meningoencephalitis - primary amoebic,2015,Male,0,0
Salmonellosis,2015,Male,516,22.7
Paratyphoid fever,2015,Male,15,0.7
Legionellosis,2015,Male,148,6.5
Rickettsial disease,2015,Male,6,0.3
Cholera,2015,Male,0,0
Campylobacteriosis,2015,Male,3466,152.7
Rabies and other lyssaviruses,2015,Male,0,0
Taeniasis,2015,Male,2,suppressed
Giardiasis,2015,Male,793,34.9
Q fever,2015,Male,0,0
Yersiniosis,2015,Male,295,13
Cysticercosis,2015,Male,1,suppressed
Acute gastroenteritis,2015,Male,225,9.9
Brucellosis,2015,Male,1,suppressed
Leprosy,2015,Male,4,suppressed
Invasive pneumococcal disease,2015,Male,238,10.5
Leptospirosis,2015,Male,60,2.6
Poliomyelitis,2015,Male,0,0
Malaria,2015,Male,26,1.1
Meningococcal disease,2015,Male,43,1.9
Measles,2015,Male,7,0.3
Shigellosis,2015,Male,62,2.7
Typhoid fever,2015,Male,23,1
Hepatitis B,2015,Male,24,1.1
Hepatitis C,2015,Male,16,0.7
Arboviral diseases,2015,Male,90,4
Hydatid disease,2015,Male,2,suppressed
Hepatitis A,2015,Male,19,0.8
Pertussis,2015,Male,540,23.8
Mpox,2015,Male,0,0
Listeriosis,2015,Male,11,0.5
Trichinosis,2015,Male,0,0
VTEC/STEC infection,2015,Male,162,7.1
Rheumatic fever,2015,Male,56,2.5
Tetanus,2015,Male,0,0
Haemophilus influenzae type b,2015,Male,2,suppressed
Rubella,2015,Male,0,0
Diphtheria,2015,Male,0,0
Invasive group A streptococcal infection,2015,Male,0,0
Tuberculosis disease,2015,Male,158,7
Mumps,2015,Male,10,0.4
Toxic shellfish poisoning,2015,Male,2,suppressed
Hepatitis NOS,2015,Male,2,suppressed
Paratyphoid fever,2015,Female,19,0.8
Leprosy,2015,Female,1,suppressed
Cholera,2015,Female,0,0
Q fever,2015,Female,0,0
Rabies and other lyssaviruses,2015,Female,0,0
Campylobacteriosis,2015,Female,2749,117.5
Typhoid fever,2015,Female,20,0.9
Yersiniosis,2015,Female,339,14.5
Acute gastroenteritis,2015,Female,278,11.9
Giardiasis,2015,Female,717,30.7
Brucellosis,2015,Female,0,0
Hepatitis A,2015,Female,28,1.2
Meningoencephalitis - primary amoebic,2015,Female,0,0
Poliomyelitis,2015,Female,0,0
Listeriosis,2015,Female,15,0.6
Malaria,2015,Female,12,0.5
Meningococcal disease,2015,Female,21,0.9
Cryptosporidiosis,2015,Female,381,16.3
Shigellosis,2015,Female,49,2.1
Trichinosis,2015,Female,0,0
Hepatitis B,2015,Female,10,0.4
Salmonellosis,2015,Female,535,22.9
Arboviral diseases,2015,Female,96,4.1
Hydatid disease,2015,Female,2,suppressed
VTEC/STEC infection,2015,Female,168,7.2
Legionellosis,2015,Female,98,4.2
Rickettsial disease,2015,Female,2,suppressed
Invasive group A streptococcal infection,2015,Female,0,0
Rubella,2015,Female,0,0
Pertussis,2015,Female,628,26.8
Taeniasis,2015,Female,3,suppressed
Tetanus,2015,Female,1,suppressed
Haemophilus influenzae type b,2015,Female,1,suppressed
Tuberculosis disease,2015,Female,135,5.8
Cysticercosis,2015,Female,0,0
Diphtheria,2015,Female,2,suppressed
Mumps,2015,Female,3,suppressed
Toxic shellfish poisoning,2015,Female,1,suppressed
Invasive pneumococcal disease,2015,Female,208,8.9
Leptospirosis,2015,Female,3,suppressed
Hepatitis NOS,2015,Female,2,suppressed
Measles,2015,Female,3,suppressed
Mpox,2015,Female,0,0
Hepatitis C,2015,Female,19,0.8
Rheumatic fever,2015,Female,54,2.3
Giardiasis,2016,Male,828,35.6
Q fever,2016,Male,0,0
Brucellosis,2016,Male,0,0
Typhoid fever,2016,Male,24,1
Poliomyelitis,2016,Male,0,0
Hydatid disease,2016,Male,1,suppressed
Campylobacteriosis,2016,Male,4094,175.8
Acute gastroenteritis,2016,Male,238,10.2
Shigellosis,2016,Male,95,4.1
Listeriosis,2016,Male,15,0.6
Malaria,2016,Male,18,0.8
Cryptosporidiosis,2016,Male,491,21.1
Rickettsial disease,2016,Male,1,suppressed
Tetanus,2016,Male,0,0
Trichinosis,2016,Male,0,0
Paratyphoid fever,2016,Male,20,0.9
Salmonellosis,2016,Male,549,23.6
Arboviral diseases,2016,Male,147,6.3
Haemophilus influenzae type b,2016,Male,1,suppressed
Leprosy,2016,Male,0,0
Cholera,2016,Male,0,0
Leptospirosis,2016,Male,76,3.3
Invasive group A streptococcal infection,2016,Male,0,0
Rubella,2016,Male,1,suppressed
Rabies and other lyssaviruses,2016,Male,0,0
Taeniasis,2016,Male,3,suppressed
Mumps,2016,Male,14,0.6
Tuberculosis disease,2016,Male,155,6.7
Yersiniosis,2016,Male,396,17
Cysticercosis,2016,Male,0,0
Diphtheria,2016,Male,1,suppressed
Hepatitis NOS,2016,Male,5,0.2
Hepatitis A,2016,Male,22,0.9
Meningoencephalitis - primary amoebic,2016,Male,0,0
Mpox,2016,Male,0,0
Rheumatic fever,2016,Male,76,3.3
Toxic shellfish poisoning,2016,Male,3,suppressed
Meningococcal disease,2016,Male,45,1.9
Measles,2016,Male,53,2.3
Invasive pneumococcal disease,2016,Male,255,11
Hepatitis B,2016,Male,25,1.1
Hepatitis C,2016,Male,15,0.6
VTEC/STEC infection,2016,Male,174,7.5
Legionellosis,2016,Male,149,6.4
Pertussis,2016,Male,470,20.2
Poliomyelitis,2016,Female,0,0
Acute gastroenteritis,2016,Female,272,11.4
Shigellosis,2016,Female,79,3.3
Cryptosporidiosis,2016,Female,571,23.9
Arboviral diseases,2016,Female,176,7.4
Listeriosis,2016,Female,21,0.9
Salmonellosis,2016,Female,542,22.7
Rickettsial disease,2016,Female,4,suppressed
Tetanus,2016,Female,1,suppressed
Giardiasis,2016,Female,788,33
Cholera,2016,Female,0,0
Taeniasis,2016,Female,1,suppressed
Diphtheria,2016,Female,0,0
Brucellosis,2016,Female,0,0
Paratyphoid fever,2016,Female,12,0.5
Meningoencephalitis - primary amoebic,2016,Female,0,0
Leptospirosis,2016,Female,9,0.4
Invasive group A streptococcal infection,2016,Female,0,0
Q fever,2016,Female,0,0
Rabies and other lyssaviruses,2016,Female,0,0
Measles,2016,Female,50,2.1
Mumps,2016,Female,6,0.3
Typhoid fever,2016,Female,14,0.6
Yersiniosis,2016,Female,462,19.4
Cysticercosis,2016,Female,0,0
Hepatitis NOS,2016,Female,3,suppressed
Hydatid disease,2016,Female,1,suppressed
Campylobacteriosis,2016,Female,3361,140.9
Legionellosis,2016,Female,98,4.1
Mpox,2016,Female,0,0
Toxic shellfish poisoning,2016,Female,0,0
Malaria,2016,Female,8,0.3
Meningococcal disease,2016,Female,30,1.3
Hepatitis C,2016,Female,16,0.7
Rheumatic fever,2016,Female,60,2.5
Trichinosis,2016,Female,0,0
Hepatitis B,2016,Female,9,0.4
Invasive pneumococcal disease,2016,Female,225,9.4
VTEC/STEC infection,2016,Female,243,10.2
Haemophilus influenzae type b,2016,Female,1,suppressed
Leprosy,2016,Female,0,0
Pertussis,2016,Female,623,26.1
Rubella,2016,Female,2,suppressed
Hepatitis A,2016,Female,13,0.5
Tuberculosis disease,2016,Female,140,5.9
Arboviral diseases,2017,Male,100,4.2
Cryptosporidiosis,2017,Male,561,23.5
Salmonellosis,2017,Male,600,25.2
Taeniasis,2017,Male,3,suppressed
Paratyphoid fever,2017,Male,21,0.9
Cholera,2017,Male,0,0
Cysticercosis,2017,Male,0,0
Brucellosis,2017,Male,0,0
Giardiasis,2017,Male,847,35.6
Rabies and other lyssaviruses,2017,Male,0,0
Meningoencephalitis - primary amoebic,2017,Male,0,0
Rickettsial disease,2017,Male,4,suppressed
Acute gastroenteritis,2017,Male,147,6.2
Campylobacteriosis,2017,Male,3586,150.5
Meningococcal disease,2017,Male,53,2.2
Measles,2017,Male,9,0.4
Shigellosis,2017,Male,134,5.6
Q fever,2017,Male,0,0
Yersiniosis,2017,Male,468,19.6
Hepatitis C,2017,Male,4,suppressed
Diphtheria,2017,Male,1,suppressed
Typhoid fever,2017,Male,31,1.3
Leprosy,2017,Male,1,suppressed
Legionellosis,2017,Male,127,5.3
Leptospirosis,2017,Male,120,5
Poliomyelitis,2017,Male,0,0
Malaria,2017,Male,25,1
Hepatitis B,2017,Male,22,0.9
Rheumatic fever,2017,Male,88,3.7
Tetanus,2017,Male,0,0
Trichinosis,2017,Male,0,0
Hepatitis A,2017,Male,29,1.2
Invasive pneumococcal disease,2017,Male,272,11.4
Hepatitis NOS,2017,Male,8,0.3
Hydatid disease,2017,Male,1,suppressed
Rubella,2017,Male,0,0
Pertussis,2017,Male,981,41.2
Mpox,2017,Male,0,0
Listeriosis,2017,Male,11,0.5
Haemophilus influenzae type b,2017,Male,1,suppressed
VTEC/STEC infection,2017,Male,261,11
Mumps,2017,Male,706,29.6
Invasive group A streptococcal infection,2017,Male,0,0
Tuberculosis disease,2017,Male,151,6.3
Toxic shellfish poisoning,2017,Male,3,suppressed
Paratyphoid fever,2017,Female,16,0.7
Yersiniosis,2017,Female,449,18.5
Campylobacteriosis,2017,Female,2896,119.1
Cholera,2017,Female,0,0
Leprosy,2017,Female,2,suppressed
Meningoencephalitis - primary amoebic,2017,Female,0,0
Acute gastroenteritis,2017,Female,171,7
Giardiasis,2017,Female,801,33
Q fever,2017,Female,0,0
Rabies and other lyssaviruses,2017,Female,0,0
Arboviral diseases,2017,Female,87,3.6
Poliomyelitis,2017,Female,0,0
Typhoid fever,2017,Female,28,1.2
Hepatitis B,2017,Female,5,0.2
Cysticercosis,2017,Female,0,0
Brucellosis,2017,Female,1,suppressed
Hydatid disease,2017,Female,0,0
Hepatitis A,2017,Female,29,1.2
Legionellosis,2017,Female,94,3.9
Rickettsial disease,2017,Female,0,0
Listeriosis,2017,Female,10,0.4
Malaria,2017,Female,17,0.7
Meningococcal disease,2017,Female,59,2.4
Cryptosporidiosis,2017,Female,631,26
Shigellosis,2017,Female,110,4.5
Trichinosis,2017,Female,0,0
Pertussis,2017,Female,1161,47.8
Hepatitis C,2017,Female,17,0.7
Diphtheria,2017,Female,0,0
Haemophilus influenzae type b,2017,Female,3,suppressed
VTEC/STEC infection,2017,Female,286,11.8
Invasive pneumococcal disease,2017,Female,249,10.2
Leptospirosis,2017,Female,18,0.7
Invasive group A streptococcal infection,2017,Female,0,0
Rubella,2017,Female,1,suppressed
Salmonellosis,2017,Female,526,21.6
Tetanus,2017,Female,0,0
Tuberculosis disease,2017,Female,157,6.5
Rheumatic fever,2017,Female,64,2.6
Hepatitis NOS,2017,Female,2,suppressed
Mumps,2017,Female,632,26
Mpox,2017,Female,0,0
Toxic shellfish poisoning,2017,Female,2,suppressed
Taeniasis,2017,Female,1,suppressed
Measles,2017,Female,6,0.2
Q fever,2018,Male,0,0
Acute gastroenteritis,2018,Male,96,4
Brucellosis,2018,Male,2,suppressed
Leprosy,2018,Male,3,suppressed
Listeriosis,2018,Male,14,0.6
Malaria,2018,Male,24,1
Shigellosis,2018,Male,113,4.7
Typhoid fever,2018,Male,33,1.4
Campylobacteriosis,2018,Male,3871,159.3
Poliomyelitis,2018,Male,0,0
Arboviral diseases,2018,Male,149,6.1
Hydatid disease,2018,Male,0,0
Hepatitis A,2018,Male,37,1.5
Rickettsial disease,2018,Male,2,suppressed
Leptospirosis,2018,Male,95,3.9
Invasive group A streptococcal infection,2018,Male,0,0
Trichinosis,2018,Male,0,0
Meningoencephalitis - primary amoebic,2018,Male,0,0
Salmonellosis,2018,Male,566,23.3
Tetanus,2018,Male,0,0
Haemophilus influenzae type b,2018,Male,1,suppressed
Giardiasis,2018,Male,848,34.9
Cholera,2018,Male,1,suppressed
Cryptosporidiosis,2018,Male,719,29.6
Mumps,2018,Male,229,9.4
VTEC/STEC infection,2018,Male,437,18
Legionellosis,2018,Male,114,4.7
Mpox,2018,Male,0,0
Diphtheria,2018,Male,0,0
Rubella,2018,Male,0,0
Rabies and other lyssaviruses,2018,Male,0,0
Taeniasis,2018,Male,3,suppressed
Measles,2018,Male,17,0.7
Tuberculosis disease,2018,Male,154,6.3
Yersiniosis,2018,Male,622,25.6
Paratyphoid fever,2018,Male,11,0.5
Cysticercosis,2018,Male,1,suppressed
Hepatitis NOS,2018,Male,6,0.2
Toxic shellfish poisoning,2018,Male,2,suppressed
Invasive pneumococcal disease,2018,Male,277,11.4
Pertussis,2018,Male,1307,53.8
Hepatitis C,2018,Male,16,0.7
Rheumatic fever,2018,Male,103,4.2
Meningococcal disease,2018,Male,59,2.4
Hepatitis B,2018,Male,24,1
Poliomyelitis,2018,Female,0,0
Listeriosis,2018,Female,16,0.6
Brucellosis,2018,Female,1,suppressed
Cryptosporidiosis,2018,Female,893,36.2
Rickettsial disease,2018,Female,1,suppressed
Invasive group A streptococcal infection,2018,Female,0,0
Acute gastroenteritis,2018,Female,130,5.3
Cholera,2018,Female,0,0
Salmonellosis,2018,Female,533,21.6
Shigellosis,2018,Female,104,4.2
Tetanus,2018,Female,0,0
Campylobacteriosis,2018,Female,3085,124.9
Paratyphoid fever,2018,Female,7,0.3
Arboviral diseases,2018,Female,158,6.4
Diphtheria,2018,Female,0,0
Q fever,2018,Female,0,0
Rabies and other lyssaviruses,2018,Female,0,0
Leptospirosis,2018,Female,14,0.6
Mpox,2018,Female,0,0
Hydatid disease,2018,Female,0,0
Giardiasis,2018,Female,737,29.8
Taeniasis,2018,Female,1,suppressed
Measles,2018,Female,13,0.5
Mumps,2018,Female,205,8.3
Malaria,2018,Female,12,0.5
Meningoencephalitis - primary amoebic,2018,Female,0,0
Cysticercosis,2018,Female,0,0
Hepatitis NOS,2018,Female,1,suppressed
Typhoid fever,2018,Female,20,0.8
Meningococcal disease,2018,Female,61,2.5
Legionellosis,2018,Female,61,2.5
Hepatitis C,2018,Female,18,0.7
Haemophilus influenzae type b,2018,Female,2,suppressed
Leprosy,2018,Female,0,0
Yersiniosis,2018,Female,579,23.4
Invasive pneumococcal disease,2018,Female,280,11.3
Toxic shellfish poisoning,2018,Female,1,suppressed
Trichinosis,2018,Female,0,0
Hepatitis A,2018,Female,31,1.3
Hepatitis B,2018,Female,8,0.3
Rheumatic fever,2018,Female,83,3.4
Tuberculosis disease,2018,Female,151,6.1
Rubella,2018,Female,1,suppressed
VTEC/STEC infection,2018,Female,488,19.8
Pertussis,2018,Female,1646,66.6
Brucellosis,2019,Male,2,suppressed
Arboviral diseases,2019,Male,123,5
Cryptosporidiosis,2019,Male,474,19.2
Rickettsial disease,2019,Male,0,0
Leptospirosis,2019,Male,75,3
Giardiasis,2019,Male,895,36.3
Cholera,2019,Male,0,0
Taeniasis,2019,Male,2,suppressed
Measles,2019,Male,1133,45.9
Acute gastroenteritis,2019,Male,228,9.2
Paratyphoid fever,2019,Male,9,0.4
Meningoencephalitis - primary amoebic,2019,Male,0,0
Salmonellosis,2019,Male,584,23.7
Shigellosis,2019,Male,113,4.6
Q fever,2019,Male,1,suppressed
Rabies and other lyssaviruses,2019,Male,0,0
Legionellosis,2019,Male,119,4.8
Mpox,2019,Male,0,0
Poliomyelitis,2019,Male,0,0
Campylobacteriosis,2019,Male,3551,144
Meningococcal disease,2019,Male,73,3
Cysticercosis,2019,Male,0,0
Tetanus,2019,Male,0,0
Malaria,2019,Male,20,0.8
Yersiniosis,2019,Male,570,23.1
Invasive pneumococcal disease,2019,Male,274,11.1
Diphtheria,2019,Male,0,0
Typhoid fever,2019,Male,28,1.1
Leprosy,2019,Male,5,0.2
Hepatitis B,2019,Male,21,0.9
Hepatitis C,2019,Male,15,0.6
Listeriosis,2019,Male,16,0.6
Trichinosis,2019,Male,0,0
Hepatitis A,2019,Male,37,1.5
Pertussis,2019,Male,493,20
Mumps,2019,Male,151,6.1
Hydatid disease,2019,Male,0,0
Rubella,2019,Male,1,suppressed
VTEC/STEC infection,2019,Male,522,21.2
Hepatitis NOS,2019,Male,4,suppressed
Invasive group A streptococcal infection,2019,Male,0,0
Haemophilus influenzae type b,2019,Male,1,suppressed
Tuberculosis disease,2019,Male,176,7.1
Rheumatic fever,2019,Male,84,3.4
Toxic shellfish poisoning,2019,Male,1,suppressed
Cholera,2019,Female,0,0
Salmonellosis,2019,Female,605,24.2
Cysticercosis,2019,Female,0,0
Acute gastroenteritis,2019,Female,255,10.2
Campylobacteriosis,2019,Female,2650,105.9
Paratyphoid fever,2019,Female,8,0.3
Rabies and other lyssaviruses,2019,Female,0,0
Arboviral diseases,2019,Female,122,4.9
Typhoid fever,2019,Female,26,1
Yersiniosis,2019,Female,615,24.6
Leprosy,2019,Female,1,suppressed
Meningoencephalitis - primary amoebic,2019,Female,0,0
Shigellosis,2019,Female,101,4
Giardiasis,2019,Female,853,34.1
Q fever,2019,Female,0,0
Meningococcal disease,2019,Female,66,2.6
Cryptosporidiosis,2019,Female,560,22.4
Poliomyelitis,2019,Female,0,0
Trichinosis,2019,Female,0,0
Hepatitis B,2019,Female,7,0.3
Hepatitis C,2019,Female,9,0.4
Brucellosis,2019,Female,0,0
Hydatid disease,2019,Female,1,suppressed
Hepatitis A,2019,Female,30,1.2
Legionellosis,2019,Female,42,1.7
Diphtheria,2019,Female,1,suppressed
Listeriosis,2019,Female,15,0.6
Malaria,2019,Female,7,0.3
Pertussis,2019,Female,713,28.5
Taeniasis,2019,Female,3,suppressed
Tetanus,2019,Female,0,0
Rubella,2019,Female,1,suppressed
VTEC/STEC infection,2019,Female,581,23.2
Rheumatic fever,2019,Female,83,3.3
Hepatitis NOS,2019,Female,5,0.2
Haemophilus influenzae type b,2019,Female,1,suppressed
Tuberculosis disease,2019,Female,141,5.6
Invasive pneumococcal disease,2019,Female,221,8.8
Rickettsial disease,2019,Female,4,suppressed
Invasive group A streptococcal infection,2019,Female,0,0
Mpox,2019,Female,0,0
Measles,2019,Female,1055,42.1
Mumps,2019,Female,113,4.5
Toxic shellfish poisoning,2019,Female,0,0
Leptospirosis,2019,Female,14,0.6
Q fever,2020,Male,0,0
Hydatid disease,2020,Male,0,0
Acute gastroenteritis,2020,Male,150,6
Campylobacteriosis,2020,Male,2982,118.4
Poliomyelitis,2020,Male,0,0
Brucellosis,2020,Male,1,suppressed
Hepatitis A,2020,Male,12,0.5
Shigellosis,2020,Male,36,1.4
Listeriosis,2020,Male,17,0.7
Malaria,2020,Male,12,0.5
Yersiniosis,2020,Male,610,24.2
Rickettsial disease,2020,Male,3,suppressed
Diphtheria,2020,Male,0,0
Typhoid fever,2020,Male,15,0.6
Giardiasis,2020,Male,602,23.9
Salmonellosis,2020,Male,367,14.6
Arboviral diseases,2020,Male,33,1.3
Haemophilus influenzae type b,2020,Male,3,suppressed
VTEC/STEC infection,2020,Male,420,16.7
Cholera,2020,Male,0,0
Leptospirosis,2020,Male,45,1.8
Invasive group A streptococcal infection,2020,Male,0,0
Trichinosis,2020,Male,0,0
Leprosy,2020,Male,2,suppressed
Cysticercosis,2020,Male,0,0
Tetanus,2020,Male,0,0
Tuberculosis disease,2020,Male,167,6.6
Hepatitis B,2020,Male,12,0.5
Paratyphoid fever,2020,Male,11,0.4
Cryptosporidiosis,2020,Male,323,12.8
Mumps,2020,Male,79,3.1
Rubella,2020,Male,0,0
Legionellosis,2020,Male,105,4.2
Mpox,2020,Male,0,0
Hepatitis NOS,2020,Male,8,0.3
Toxic shellfish poisoning,2020,Male,0,0
Rabies and other lyssaviruses,2020,Male,0,0
Meningoencephalitis - primary amoebic,2020,Male,0,0
Taeniasis,2020,Male,0,0
Measles,2020,Male,3,suppressed
Pertussis,2020,Male,83,3.3
Hepatitis C,2020,Male,20,0.8
Rheumatic fever,2020,Male,92,3.7
Invasive pneumococcal disease,2020,Male,178,7.1
Meningococcal disease,2020,Male,20,0.8
Brucellosis,2020,Female,1,suppressed
Acute gastroenteritis,2020,Female,202,7.9
Poliomyelitis,2020,Female,0,0
Listeriosis,2020,Female,18,0.7
Invasive group A streptococcal infection,2020,Female,0,0
Rickettsial disease,2020,Female,2,suppressed
Arboviral diseases,2020,Female,24,0.9
Shigellosis,2020,Female,24,0.9
Typhoid fever,2020,Female,9,0.4
Cholera,2020,Female,0,0
Cryptosporidiosis,2020,Female,412,16.1
Diphtheria,2020,Female,0,0
Haemophilus influenzae type b,2020,Female,0,0
Campylobacteriosis,2020,Female,2307,90.4
Salmonellosis,2020,Female,342,13.4
Leptospirosis,2020,Female,16,0.6
Tetanus,2020,Female,0,0
Q fever,2020,Female,0,0
Paratyphoid fever,2020,Female,5,0.2
Taeniasis,2020,Female,3,suppressed
Hepatitis NOS,2020,Female,3,suppressed
Hydatid disease,2020,Female,0,0
Yersiniosis,2020,Female,650,25.5
Cysticercosis,2020,Female,0,0
Mpox,2020,Female,0,0
Tuberculosis disease,2020,Female,151,5.9
Giardiasis,2020,Female,536,21
Legionellosis,2020,Female,55,2.2
Measles,2020,Female,6,0.2
Mumps,2020,Female,65,2.5
Malaria,2020,Female,5,0.2
Rabies and other lyssaviruses,2020,Female,0,0
Meningoencephalitis - primary amoebic,2020,Female,0,0
Toxic shellfish poisoning,2020,Female,0,0
Trichinosis,2020,Female,0,0
Leprosy,2020,Female,1,suppressed
Invasive pneumococcal disease,2020,Female,172,6.7
Hepatitis C,2020,Female,8,0.3
Rheumatic fever,2020,Female,57,2.2
Hepatitis A,2020,Female,9,0.4
Meningococcal disease,2020,Female,15,0.6
Pertussis,2020,Female,86,3.4
Rubella,2020,Female,0,0
Hepatitis B,2020,Female,6,0.2
VTEC/STEC infection,2020,Female,425,16.6
Shigellosis,2021,Male,4,suppressed
Cryptosporidiosis,2021,Male,307,12.2
Leptospirosis,2021,Male,62,2.5
Brucellosis,2021,Male,1,suppressed
Cholera,2021,Male,0,0
Rickettsial disease,2021,Male,0,0
Diphtheria,2021,Male,0,0
Arboviral diseases,2021,Male,3,suppressed
Rabies and other lyssaviruses,2021,Male,0,0
Salmonellosis,2021,Male,339,13.4
Mpox,2021,Male,0,0
Acute gastroenteritis,2021,Male,118,4.7
Campylobacteriosis,2021,Male,3222,127.6
Meningoencephalitis - primary amoebic,2021,Male,0,0
Taeniasis,2021,Male,0,0
Poliomyelitis,2021,Male,0,0
Giardiasis,2021,Male,520,20.6
Paratyphoid fever,2021,Male,1,suppressed
Cysticercosis,2021,Male,0,0
Hepatitis NOS,2021,Male,2,suppressed
Typhoid fever,2021,Male,0,0
Leprosy,2021,Male,2,suppressed
Legionellosis,2021,Male,121,4.8
Measles,2021,Male,0,0
Listeriosis,2021,Male,20,0.8
Malaria,2021,Male,7,0.3
Meningococcal disease,2021,Male,21,0.8
Hepatitis C,2021,Male,16,0.6
Tetanus,2021,Male,1,suppressed
Q fever,2021,Male,0,0
Yersiniosis,2021,Male,723,28.6
Invasive pneumococcal disease,2021,Male,250,9.9
Toxic shellfish poisoning,2021,Male,0,0
Hydatid disease,2021,Male,1,suppressed
Hepatitis A,2021,Male,3,suppressed
Hepatitis B,2021,Male,9,0.4
Rheumatic fever,2021,Male,54,2.1
Invasive group A streptococcal infection,2021,Male,0,0
Trichinosis,2021,Male,0,0
VTEC/STEC infection,2021,Male,439,17.4
Pertussis,2021,Male,18,0.7
Mumps,2021,Male,1,suppressed
Haemophilus influenzae type b,2021,Male,1,suppressed
Rubella,2021,Male,0,0
Tuberculosis disease,2021,Male,155,6.1
Cysticercosis,2021,Female,0,0
Rickettsial disease,2021,Female,1,suppressed
Acute gastroenteritis,2021,Female,120,4.7
Cholera,2021,Female,0,0
Meningoencephalitis - primary amoebic,2021,Female,0,0
Shigellosis,2021,Female,0,0
Salmonellosis,2021,Female,374,14.6
Yersiniosis,2021,Female,687,26.8
Paratyphoid fever,2021,Female,1,suppressed
Arboviral diseases,2021,Female,5,0.2
Campylobacteriosis,2021,Female,2501,97.7
Giardiasis,2021,Female,519,20.3
Rabies and other lyssaviruses,2021,Female,0,0
Taeniasis,2021,Female,1,suppressed
Typhoid fever,2021,Female,3,suppressed
Hydatid disease,2021,Female,0,0
Leprosy,2021,Female,3,suppressed
Legionellosis,2021,Female,58,2.3
Diphtheria,2021,Female,0,0
Listeriosis,2021,Female,12,0.5
Malaria,2021,Female,1,suppressed
Meningococcal disease,2021,Female,20,0.8
Cryptosporidiosis,2021,Female,395,15.4
Brucellosis,2021,Female,0,0
Trichinosis,2021,Female,0,0
Hepatitis B,2021,Female,3,suppressed
Hepatitis C,2021,Female,19,0.7
Poliomyelitis,2021,Female,0,0
Q fever,2021,Female,0,0
Hepatitis A,2021,Female,5,0.2
Invasive pneumococcal disease,2021,Female,218,8.5
Leptospirosis,2021,Female,15,0.6
Invasive group A streptococcal infection,2021,Female,0,0
Rubella,2021,Female,0,0
Pertussis,2021,Female,23,0.9
Measles,2021,Female,0,0
Mumps,2021,Female,0,0
Haemophilus influenzae type b,2021,Female,2,suppressed
VTEC/STEC infection,2021,Female,472,18.4
Rheumatic fever,2021,Female,32,1.3
Tetanus,2021,Female,0,0
Hepatitis NOS,2021,Female,6,0.2
Tuberculosis disease,2021,Female,154,6
Mpox,2021,Female,0,0
Toxic shellfish poisoning,2021,Female,3,suppressed
Trichinosis,2022,Male,0,0
Poliomyelitis,2022,Male,0,0
Q fever,2022,Male,0,0
Yersiniosis,2022,Male,622,24.7
Rickettsial disease,2022,Male,2,suppressed
Hydatid disease,2022,Male,2,suppressed
Acute gastroenteritis,2022,Male,157,6.2
Campylobacteriosis,2022,Male,3244,128.6
Salmonellosis,2022,Male,351,13.9
Tetanus,2022,Male,0,0
Haemophilus influenzae type b,2022,Male,0,0
Hepatitis A,2022,Male,31,1.2
Rabies and other lyssaviruses,2022,Male,0,0
Shigellosis,2022,Male,43,1.7
Listeriosis,2022,Male,13,0.5
Malaria,2022,Male,14,0.6
Leprosy,2022,Male,2,suppressed
Taeniasis,2022,Male,2,suppressed
Diphtheria,2022,Male,1,suppressed
Typhoid fever,2022,Male,14,0.6
Giardiasis,2022,Male,395,15.7
Cysticercosis,2022,Male,0,0
Hepatitis NOS,2022,Male,2,suppressed
Brucellosis,2022,Male,0,0
VTEC/STEC infection,2022,Male,450,17.8
Hepatitis B,2022,Male,6,0.2
Hepatitis C,2022,Male,18,0.7
Invasive group A streptococcal infection,2022,Male,0,0
Rubella,2022,Male,0,0
Meningococcal disease,2022,Male,34,1.3
Meningoencephalitis - primary amoebic,2022,Male,0,0
Mumps,2022,Male,1,suppressed
Tuberculosis disease,2022,Male,132,5.2
Pertussis,2022,Male,7,0.3
Cholera,2022,Male,1,suppressed
Arboviral diseases,2022,Male,21,0.8
Cryptosporidiosis,2022,Male,285,11.3
Toxic shellfish poisoning,2022,Male,1,suppressed
Legionellosis,2022,Male,142,5.6
Leptospirosis,2022,Male,99,3.9
Mpox,2022,Male,39,1.5
Measles,2022,Male,0,0
Rheumatic fever,2022,Male,43,1.7
Paratyphoid fever,2022,Male,9,0.4
Invasive pneumococcal disease,2022,Male,348,13.8
Haemophilus influenzae type b,2022,Female,0,0
Q fever,2022,Female,0,0
Listeriosis,2022,Female,26,1
Typhoid fever,2022,Female,17,0.7
Poliomyelitis,2022,Female,0,0
Shigellosis,2022,Female,26,1
Brucellosis,2022,Female,1,suppressed
Rickettsial disease,2022,Female,3,suppressed
Hepatitis NOS,2022,Female,0,0
Invasive group A streptococcal infection,2022,Female,0,0
Trichinosis,2022,Female,0,0
Salmonellosis,2022,Female,398,15.6
Leptospirosis,2022,Female,21,0.8
Tetanus,2022,Female,1,suppressed
Hydatid disease,2022,Female,1,suppressed
Rabies and other lyssaviruses,2022,Female,0,0
Taeniasis,2022,Female,1,suppressed
Arboviral diseases,2022,Female,7,0.3
Acute gastroenteritis,2022,Female,171,6.7
Hepatitis A,2022,Female,27,1.1
Legionellosis,2022,Female,92,3.6
Cryptosporidiosis,2022,Female,327,12.8
Mumps,2022,Female,0,0
Malaria,2022,Female,4,suppressed
Hepatitis B,2022,Female,5,0.2
Hepatitis C,2022,Female,5,0.2
Diphtheria,2022,Female,1,suppressed
Rubella,2022,Female,0,0
Yersiniosis,2022,Female,672,26.3
Cysticercosis,2022,Female,0,0
Mpox,2022,Female,2,suppressed
Tuberculosis disease,2022,Female,135,5.3
Campylobacteriosis,2022,Female,2631,102.8
Cholera,2022,Female,0,0
Measles,2022,Female,0,0
Toxic shellfish poisoning,2022,Female,1,suppressed
Meningococcal disease,2022,Female,38,1.5
Meningoencephalitis - primary amoebic,2022,Female,0,0
Rheumatic fever,2022,Female,35,1.4
Leprosy,2022,Female,1,suppressed
Paratyphoid fever,2022,Female,6,0.2
Invasive pneumococcal disease,2022,Female,283,11.1
Giardiasis,2022,Female,312,12.2
Pertussis,2022,Female,11,0.4
VTEC/STEC infection,2022,Female,572,22.4
Haemophilus influenzae type b,2023,Male,2,suppressed
Poliomyelitis,2023,Male,0,0
Shigellosis,2023,Male,75,2.9
Leptospirosis,2023,Male,142,5.5
Arboviral diseases,2023,Male,44,1.7
Listeriosis,2023,Male,24,0.9
Rickettsial disease,2023,Male,1,suppressed
Taeniasis,2023,Male,0,0
Tetanus,2023,Male,1,suppressed
Hepatitis NOS,2023,Male,3,suppressed
Legionellosis,2023,Male,161,6.2
Salmonellosis,2023,Male,424,16.4
Diphtheria,2023,Male,3,suppressed
Hepatitis A,2023,Male,16,0.6
Rabies and other lyssaviruses,2023,Male,1,suppressed
Cholera,2023,Male,1,suppressed
Cryptosporidiosis,2023,Male,396,15.3
Brucellosis,2023,Male,3,suppressed
Malaria,2023,Male,39,1.5
Meningococcal disease,2023,Male,20,0.8
Measles,2023,Male,10,0.4
Mumps,2023,Male,9,0.3
Q fever,2023,Male,0,0
Yersiniosis,2023,Male,691,26.7
Cysticercosis,2023,Male,0,0
Toxic shellfish poisoning,2023,Male,0,0
Typhoid fever,2023,Male,41,1.6
Campylobacteriosis,2023,Male,3372,130.2
Meningoencephalitis - primary amoebic,2023,Male,0,0
Mpox,2023,Male,8,0.3
Acute gastroenteritis,2023,Male,217,8.4
Giardiasis,2023,Male,483,18.6
Paratyphoid fever,2023,Male,17,0.7
Hepatitis C,2023,Male,13,0.5
Rheumatic fever,2023,Male,106,4.1
Trichinosis,2023,Male,0,0
Hepatitis B,2023,Male,14,0.5
Invasive pneumococcal disease,2023,Male,396,15.3
Hydatid disease,2023,Male,1,suppressed
Leprosy,2023,Male,2,suppressed
Pertussis,2023,Male,68,2.6
Invasive group A streptococcal infection,2023,Male,0,0
Rubella,2023,Male,0,0
VTEC/STEC infection,2023,Male,490,18.9
Tuberculosis disease,2023,Male,152,5.9
Hepatitis NOS,2023,Female,5,0.2
Rickettsial disease,2023,Female,3,suppressed
Salmonellosis,2023,Female,401,15.4
Leptospirosis,2023,Female,28,1.1
Legionellosis,2023,Female,77,3
Meningococcal disease,2023,Female,37,1.4
Taeniasis,2023,Female,0,0
Acute gastroenteritis,2023,Female,244,9.3
Malaria,2023,Female,15,0.6
Yersiniosis,2023,Female,715,27.4
Cysticercosis,2023,Female,0,0
Shigellosis,2023,Female,47,1.8
Typhoid fever,2023,Female,30,1.1
Campylobacteriosis,2023,Female,2717,104.1
Cholera,2023,Female,0,0
Arboviral diseases,2023,Female,24,0.9
Haemophilus influenzae type b,2023,Female,2,suppressed
Trichinosis,2023,Female,0,0
Rabies and other lyssaviruses,2023,Female,0,0
Hepatitis C,2023,Female,18,0.7
Poliomyelitis,2023,Female,0,0
Hydatid disease,2023,Female,1,suppressed
Leprosy,2023,Female,2,suppressed
Meningoencephalitis - primary amoebic,2023,Female,0,0
Diphtheria,2023,Female,0,0
Invasive group A streptococcal infection,2023,Female,0,0
Giardiasis,2023,Female,415,15.9
Paratyphoid fever,2023,Female,11,0.4
Measles,2023,Female,4,suppressed
Listeriosis,2023,Female,13,0.5
Hepatitis A,2023,Female,18,0.7
Hepatitis B,2023,Female,5,0.2
Rheumatic fever,2023,Female,73,2.8
Tetanus,2023,Female,0,0
Q fever,2023,Female,0,0
VTEC/STEC infection,2023,Female,515,19.7
Invasive pneumococcal disease,2023,Female,361,13.8
Mpox,2023,Female,0,0
Brucellosis,2023,Female,1,suppressed
Rubella,2023,Female,0,0
Pertussis,2023,Female,73,2.8
Cryptosporidiosis,2023,Female,435,16.7
Toxic shellfish poisoning,2023,Female,0,0
Tuberculosis disease,2023,Female,153,5.9
Mumps,2023,Female,7,0.3
Hydatid disease,2024,Male,2,suppressed
Malaria,2024,Male,21,0.8
Rickettsial disease,2024,Male,1,suppressed
Haemophilus influenzae type b,2024,Male,0,0
Trichinosis,2024,Male,0,0
Rabies and other lyssaviruses,2024,Male,0,0
Poliomyelitis,2024,Male,0,0
Tetanus,2024,Male,2,suppressed
Q fever,2024,Male,2,suppressed
Yersiniosis,2024,Male,527,20
Taeniasis,2024,Male,2,suppressed
Mumps,2024,Male,11,0.4
Acute gastroenteritis,2024,Male,194,7.4
Campylobacteriosis,2024,Male,3209,121.8
Legionellosis,2024,Male,116,4.4
Hepatitis NOS,2024,Male,4,suppressed
Listeriosis,2024,Male,13,0.5
Hepatitis A,2024,Male,34,1.3
Hepatitis B,2024,Male,8,0.3
Hepatitis C,2024,Male,17,0.6
Invasive group A streptococcal infection,2024,Male,81,3.1
Rubella,2024,Male,0,0
Leprosy,2024,Male,1,suppressed
Salmonellosis,2024,Male,418,15.9
Shigellosis,2024,Male,94,3.6
Brucellosis,2024,Male,1,suppressed
Giardiasis,2024,Male,448,17
Meningococcal disease,2024,Male,25,0.9
Leptospirosis,2024,Male,64,2.4
Diphtheria,2024,Male,0,0
VTEC/STEC infection,2024,Male,527,20
Invasive pneumococcal disease,2024,Male,402,15.3
Mpox,2024,Male,23,0.9
Arboviral diseases,2024,Male,71,2.7
Typhoid fever,2024,Male,34,1.3
Pertussis,2024,Male,812,30.8
Cysticercosis,2024,Male,0,0
Meningoencephalitis - primary amoebic,2024,Male,0,0
Tuberculosis disease,2024,Male,176,6.7
Cryptosporidiosis,2024,Male,559,21.2
Cholera,2024,Male,1,suppressed
Paratyphoid fever,2024,Male,6,0.2
Measles,2024,Male,1,suppressed
Toxic shellfish poisoning,2024,Male,0,0
Rheumatic fever,2024,Male,110,4.2
Q fever,2024,Female,0,0
Poliomyelitis,2024,Female,0,0
Haemophilus influenzae type b,2024,Female,1,suppressed
Hepatitis A,2024,Female,34,1.3
Rickettsial disease,2024,Female,1,suppressed
Listeriosis,2024,Female,23,0.9
Invasive group A streptococcal infection,2024,Female,64,2.4
Trichinosis,2024,Female,0,0
Legionellosis,2024,Female,65,2.4
Leptospirosis,2024,Female,38,1.4
Mumps,2024,Female,8,0.3
Rubella,2024,Female,0,0
Malaria,2024,Female,8,0.3
Salmonellosis,2024,Female,425,16
Hepatitis NOS,2024,Female,1,suppressed
Brucellosis,2024,Female,0,0
Typhoid fever,2024,Female,28,1.1
Meningococcal disease,2024,Female,18,0.7
Measles,2024,Female,0,0
Shigellosis,2024,Female,63,2.4
Acute gastroenteritis,2024,Female,240,9
Rabies and other lyssaviruses,2024,Female,0,0
Taeniasis,2024,Female,0,0
Arboviral diseases,2024,Female,67,2.5
Tetanus,2024,Female,0,0
Campylobacteriosis,2024,Female,2589,97.5
Cholera,2024,Female,0,0
Cryptosporidiosis,2024,Female,674,25.4
Toxic shellfish poisoning,2024,Female,1,suppressed
Hydatid disease,2024,Female,0,0
Hepatitis B,2024,Female,4,suppressed
Hepatitis C,2024,Female,3,suppressed
Mpox,2024,Female,0,0
Tuberculosis disease,2024,Female,184,6.9
Pertussis,2024,Female,930,35
Paratyphoid fever,2024,Female,8,0.3
Rheumatic fever,2024,Female,97,3.7
Diphtheria,2024,Female,2,suppressed
Giardiasis,2024,Female,396,14.9
Yersiniosis,2024,Female,611,23
Invasive pneumococcal disease,2024,Female,316,11.9
Cysticercosis,2024,Female,0,0
Meningoencephalitis - primary amoebic,2024,Female,0,0
VTEC/STEC infection,2024,Female,585,22
Leprosy,2024,Female,2,suppressed
Listeriosis,2025,Male,18,0.7
Brucellosis,2025,Male,1,suppressed
Hepatitis NOS,2025,Male,1,suppressed
Haemophilus influenzae type b,2025,Male,1,suppressed
Arboviral diseases,2025,Male,244,9.2
Poliomyelitis,2025,Male,0,0
Hepatitis A,2025,Male,38,1.4
Leptospirosis,2025,Male,56,2.1
Rickettsial disease,2025,Male,2,suppressed
Mumps,2025,Male,15,0.6
Acute gastroenteritis,2025,Male,202,7.6
Rabies and other lyssaviruses,2025,Male,0,0
Legionellosis,2025,Male,110,4.2
Cryptosporidiosis,2025,Male,411,15.5
Tetanus,2025,Male,0,0
Malaria,2025,Male,39,1.5
Meningococcal disease,2025,Male,12,0.5
Taeniasis,2025,Male,2,suppressed
Toxic shellfish poisoning,2025,Male,0,0
Rubella,2025,Male,0,0
Campylobacteriosis,2025,Male,3232,122.1
Rheumatic fever,2025,Male,100,3.8
Mpox,2025,Male,41,1.5
Invasive group A streptococcal infection,2025,Male,328,12.4
Giardiasis,2025,Male,462,17.5
Cholera,2025,Male,0,0
Measles,2025,Male,25,0.9
Shigellosis,2025,Male,126,4.8
Q fever,2025,Male,1,suppressed
Paratyphoid fever,2025,Male,8,0.3
Salmonellosis,2025,Male,561,21.2
Cysticercosis,2025,Male,0,0
Tuberculosis disease,2025,Male,195,7.4
Pertussis,2025,Male,1218,46
Invasive pneumococcal disease,2025,Male,370,14
Meningoencephalitis - primary amoebic,2025,Male,0,0
Diphtheria,2025,Male,3,suppressed
Trichinosis,2025,Male,0,0
Yersiniosis,2025,Male,503,19
Hepatitis B,2025,Male,12,0.5
Hepatitis C,2025,Male,9,0.3
Typhoid fever,2025,Male,26,1
VTEC/STEC infection,2025,Male,554,20.9
Leprosy,2025,Male,3,suppressed
Hydatid disease,2025,Male,2,suppressed
Mumps,2025,Female,4,suppressed
Acute gastroenteritis,2025,Female,274,10.2
Hepatitis NOS,2025,Female,1,suppressed
Leptospirosis,2025,Female,21,0.8
Toxic shellfish poisoning,2025,Female,1,suppressed
Malaria,2025,Female,9,0.3
Rheumatic fever,2025,Female,107,4
Salmonellosis,2025,Female,542,20.2
Arboviral diseases,2025,Female,211,7.9
Rubella,2025,Female,0,0
Legionellosis,2025,Female,58,2.2
Meningococcal disease,2025,Female,29,1.1
Rickettsial disease,2025,Female,3,suppressed
Haemophilus influenzae type b,2025,Female,0,0
Campylobacteriosis,2025,Female,2582,96.4
VTEC/STEC infection,2025,Female,637,23.8
Invasive pneumococcal disease,2025,Female,350,13.1
Shigellosis,2025,Female,49,1.8
Tuberculosis disease,2025,Female,188,7
Giardiasis,2025,Female,403,15
Cholera,2025,Female,0,0
Measles,2025,Female,33,1.2
Listeriosis,2025,Female,23,0.9
Trichinosis,2025,Female,0,0
Rabies and other lyssaviruses,2025,Female,0,0
Taeniasis,2025,Female,0,0
Poliomyelitis,2025,Female,0,0
Hydatid disease,2025,Female,3,suppressed
Yersiniosis,2025,Female,608,22.7
Cysticercosis,2025,Female,0,0
Mpox,2025,Female,0,0
Typhoid fever,2025,Female,24,0.9
Pertussis,2025,Female,1454,54.3
Paratyphoid fever,2025,Female,3,suppressed
Cryptosporidiosis,2025,Female,459,17.1
Brucellosis,2025,Female,0,0
Hepatitis A,2025,Female,27,1
Hepatitis B,2025,Female,3,suppressed
Hepatitis C,2025,Female,9,0.3
Tetanus,2025,Female,0,0
Q fever,2025,Female,0,0
Leprosy,2025,Female,1,suppressed
Meningoencephalitis - primary amoebic,2025,Female,0,0
Diphtheria,2025,Female,1,suppressed
Invasive group A streptococcal infection,2025,Female,317,11.8
